constraint,child_table,fk_columns,parent_table,referenced_columns,parents_per_child,children_per_parent
fk_audit_logs_actor,audit.audit_logs,actor_user_id,iam.users,id,0..1,0..N
fk_audit_logs_branch,audit.audit_logs,branch_id,location.branches,id,0..1,0..N
fk_generated_reports_type,audit.generated_reports,report_type_id,audit.administrative_report_types,id,1,0..N
fk_generated_reports_generated_by,audit.generated_reports,generated_by,iam.users,id,1,0..N
fk_payment_receipts_payment,billing.payment_receipts,payment_id,billing.payments,id,1,0..1
fk_payments_contract,billing.payments,contract_id,contract.rental_contracts,id,1,0..N
fk_payments_method,billing.payments,payment_method_id,billing.payment_methods,id,1,0..N
fk_payments_status,billing.payments,status_id,billing.payment_statuses,id,1,0..N
fk_payments_currency,billing.payments,currency_id,core.currencies,id,1,0..N
fk_payments_confirmed_by,billing.payments,confirmed_by_user_id,iam.users,id,0..1,0..N
fk_user_saved_payment_methods_user,billing.user_saved_payment_methods,user_id,iam.users,id,1,0..N
fk_user_coupon_usages_promotion,catalog.user_coupon_usages,promotion_id,catalog.promotions,id,1,0..N
fk_user_coupon_usages_user,catalog.user_coupon_usages,user_id,iam.users,id,1,0..N
fk_contract_clause_assignments_contract,contract.contract_clause_assignments,contract_id,contract.rental_contracts,id,1,0..N
fk_contract_clause_assignments_clause,contract.contract_clause_assignments,clause_id,contract.contract_clauses,id,1,0..N
fk_inspection_checklist_answers_inspection,contract.inspection_checklist_answers,inspection_id,contract.vehicle_inspections,id,1,0..N
fk_inspection_checklist_answers_item,contract.inspection_checklist_answers,checklist_item_id,contract.inspection_checklist_items,id,1,0..N
fk_rental_contracts_reservation,contract.rental_contracts,reservation_id,rental.reservations,id,1,0..1
fk_rental_contracts_customer,contract.rental_contracts,customer_id,iam.users,id,1,0..N
fk_rental_contracts_vehicle,contract.rental_contracts,vehicle_id,fleet.vehicles,id,1,0..N
fk_rental_contracts_status,contract.rental_contracts,status_id,contract.contract_statuses,id,1,0..N
fk_rental_contracts_pickup_branch,contract.rental_contracts,pickup_branch_id,location.branches,id,1,0..N
fk_rental_contracts_return_branch,contract.rental_contracts,return_branch_id,location.branches,id,1,0..N
fk_rental_contracts_signed_city,contract.rental_contracts,signed_city_id,location.cities,id,0..1,0..N
fk_vehicle_inspections_contract,contract.vehicle_inspections,contract_id,contract.rental_contracts,id,1,0..N
fk_vehicle_inspections_inspector,contract.vehicle_inspections,inspector_user_id,iam.users,id,1,0..N
fk_exchange_rates_from_currency,core.exchange_rates,from_currency_id,core.currencies,id,1,0..N
fk_exchange_rates_to_currency,core.exchange_rates,to_currency_id,core.currencies,id,1,0..N
fk_user_favorite_vehicles_user,fleet.user_favorite_vehicles,user_id,iam.users,id,1,0..N
fk_user_favorite_vehicles_vehicle,fleet.user_favorite_vehicles,vehicle_id,fleet.vehicles,id,1,0..N
fk_vehicle_documents_vehicle,fleet.vehicle_documents,vehicle_id,fleet.vehicles,id,1,0..N
fk_vehicle_documents_verified_by,fleet.vehicle_documents,verified_by,iam.users,id,0..1,0..N
fk_vehicle_features_vehicle,fleet.vehicle_features,vehicle_id,fleet.vehicles,id,1,0..N
fk_vehicle_features_feature,fleet.vehicle_features,feature_id,fleet.features,id,1,0..N
fk_vehicle_images_vehicle,fleet.vehicle_images,vehicle_id,fleet.vehicles,id,1,0..N
fk_vehicle_maintenances_vehicle,fleet.vehicle_maintenances,vehicle_id,fleet.vehicles,id,1,0..N
fk_vehicle_maintenances_type,fleet.vehicle_maintenances,maintenance_type_id,fleet.maintenance_types,id,1,0..N
fk_vehicle_maintenances_created_by,fleet.vehicle_maintenances,created_by,iam.users,id,0..1,0..N
fk_vehicles_brand,fleet.vehicles,brand_id,fleet.vehicle_brands,id,1,0..N
fk_vehicles_category,fleet.vehicles,category_id,fleet.vehicle_categories,id,1,0..N
fk_vehicles_transmission_type,fleet.vehicles,transmission_type_id,fleet.transmission_types,id,1,0..N
fk_vehicles_fuel_type,fleet.vehicles,fuel_type_id,fleet.fuel_types,id,1,0..N
fk_vehicles_status,fleet.vehicles,status_id,fleet.vehicle_statuses,id,1,0..N
fk_vehicles_current_branch,fleet.vehicles,current_branch_id,location.branches,id,1,0..N
fk_role_permissions_role,iam.role_permissions,role_id,iam.roles,id,1,0..N
fk_role_permissions_permission,iam.role_permissions,permission_id,iam.permissions,id,1,0..N
fk_user_consents_user,iam.user_consents,user_id,iam.users,id,1,0..N
fk_user_documents_user,iam.user_documents,user_id,iam.users,id,1,0..N
fk_user_documents_document_type,iam.user_documents,document_type_id,iam.document_types,id,1,0..N
fk_user_documents_status,iam.user_documents,status_id,iam.document_statuses,id,1,0..N
fk_user_documents_reviewer,iam.user_documents,reviewed_by,iam.users,id,0..1,0..N
user_id,iam.user_preferences,user_id,iam.users,id,1,0..1
language_id,iam.user_preferences,language_id,core.languages,id,0..1,0..N
currency_id,iam.user_preferences,currency_id,core.currencies,id,0..1,0..N
fk_user_profiles_user,iam.user_profiles,user_id,iam.users,id,1,0..1
fk_user_roles_user,iam.user_roles,user_id,iam.users,id,1,0..N
fk_user_roles_role,iam.user_roles,role_id,iam.roles,id,1,0..N
fk_user_roles_assigned_by,iam.user_roles,assigned_by,iam.users,id,0..1,0..N
user_id,iam.user_sessions,user_id,iam.users,id,1,0..N
fk_user_social_accounts_user,iam.user_social_accounts,user_id,iam.users,id,1,0..N
fk_users_document_type,iam.users,document_type_id,iam.document_types,id,0..1,0..N
fk_users_nationality,iam.users,nationality_id,iam.nationalities,id,0..1,0..N
fk_verification_codes_user,iam.verification_codes,user_id,iam.users,id,1,0..N
fk_branch_users_user,location.branch_users,user_id,iam.users,id,1,0..N
fk_branch_users_branch,location.branch_users,branch_id,location.branches,id,1,0..N
fk_branches_city,location.branches,city_id,location.cities,id,1,0..N
fk_cities_department,location.cities,department_id,location.departments,id,1,0..N
fk_branch_reviews_branch,rental.branch_reviews,branch_id,location.branches,id,1,0..N
fk_branch_reviews_user,rental.branch_reviews,user_id,iam.users,id,1,0..N
fk_branch_reviews_reservation,rental.branch_reviews,reservation_id,rental.reservations,id,1,0..N
fk_rental_extension_requests_reservation,rental.rental_extension_requests,reservation_id,rental.reservations,id,1,0..N
fk_rental_extension_requests_reviewer,rental.rental_extension_requests,reviewed_by,iam.users,id,0..1,0..N
fk_reservation_additional_services_reservation,rental.reservation_additional_services,reservation_id,rental.reservations,id,1,0..N
fk_reservation_additional_services_service,rental.reservation_additional_services,additional_service_id,catalog.additional_services,id,1,0..N
fk_reservation_delivery_points_reservation,rental.reservation_delivery_points,reservation_id,rental.reservations,id,1,0..N
fk_reservation_delivery_points_branch,rental.reservation_delivery_points,branch_id,location.branches,id,0..1,0..N
fk_reservation_delivery_points_city,rental.reservation_delivery_points,city_id,location.cities,id,0..1,0..N
fk_reservation_promotions_reservation,rental.reservation_promotions,reservation_id,rental.reservations,id,1,0..N
fk_reservation_promotions_promotion,rental.reservation_promotions,promotion_id,catalog.promotions,id,1,0..N
fk_reservations_customer,rental.reservations,customer_id,iam.users,id,1,0..N
fk_reservations_vehicle,rental.reservations,vehicle_id,fleet.vehicles,id,1,0..N
fk_reservations_status,rental.reservations,status_id,rental.reservation_statuses,id,1,0..N
fk_reservations_insurance_coverage,rental.reservations,insurance_coverage_id,catalog.insurance_coverages,id,1,0..N
fk_reservations_mileage_plan,rental.reservations,mileage_plan_id,catalog.mileage_plans,id,1,0..N
fk_reservations_cash_payment_branch,rental.reservations,cash_payment_branch_id,location.branches,id,0..1,0..N
fk_vehicle_ratings_reservation,rental.vehicle_ratings,reservation_id,rental.reservations,id,1,0..1
fk_vehicle_ratings_vehicle,rental.vehicle_ratings,vehicle_id,fleet.vehicles,id,1,0..N
fk_vehicle_ratings_user,rental.vehicle_ratings,user_id,iam.users,id,1,0..N
fk_incident_reports_vehicle,support.incident_reports,vehicle_id,fleet.vehicles,id,0..1,0..N
fk_incident_reports_reservation,support.incident_reports,reservation_id,rental.reservations,id,0..1,0..N
fk_incident_reports_reported_by,support.incident_reports,reported_by_user_id,iam.users,id,1,0..N
fk_incident_responses_report,support.incident_responses,incident_report_id,support.incident_reports,id,1,0..N
fk_incident_responses_author,support.incident_responses,author_user_id,iam.users,id,1,0..N
fk_notifications_user,support.notifications,user_id,iam.users,id,1,0..N
